{"cameraMode":{"drawMode":0,"name":"Shaded","section":"Shading Mode"},"sceneLighting":false,"audioPlay":false,"sceneViewState":{"showFog":true,"showMaterialUpdate":false,"showSkybox":false,"showFlares":true,"showImageEffects":true,"showParticleSystems":true},"in2DMode":false,"pivot":{"x":-2.9234423637390138,"y":-32.99079513549805,"z":0.6137452125549316},"rotation":{"x":0.4711327850818634,"y":0.5277885794639587,"z":-0.5224453210830689,"w":0.4759533107280731},"size":41.73893356323242,"orthographic":false}