{"cameraMode":{"drawMode":0,"name":"Shaded","section":"Shading Mode"},"sceneLighting":false,"audioPlay":false,"sceneViewState":{"showFog":true,"showMaterialUpdate":false,"showSkybox":false,"showFlares":true,"showImageEffects":true,"showParticleSystems":true},"in2DMode":false,"pivot":{"x":-0.005003452301025391,"y":2.237499952316284,"z":-0.005000114440917969},"rotation":{"x":-0.015764379873871805,"y":0.7384008169174194,"z":-0.6739704608917236,"w":-0.0172685869038105},"size":70.42382049560547,"orthographic":false}