{"cameraMode":{"drawMode":0,"name":"Shaded","section":"Shading Mode"},"sceneLighting":false,"audioPlay":false,"sceneViewState":{"showFog":true,"showMaterialUpdate":false,"showSkybox":false,"showFlares":true,"showImageEffects":true,"showParticleSystems":true},"in2DMode":false,"pivot":{"x":-2.764925479888916,"y":-6.800182342529297,"z":-5.9991655349731449},"rotation":{"x":0.6100668907165527,"y":-0.23683428764343263,"z":0.1979975551366806,"w":0.7297486066818237},"size":40.6812858581543,"orthographic":false}