{"cameraMode":{"drawMode":0,"name":"Shaded","section":"Shading Mode"},"sceneLighting":false,"audioPlay":false,"sceneViewState":{"showFog":true,"showMaterialUpdate":false,"showSkybox":false,"showFlares":true,"showImageEffects":true,"showParticleSystems":true},"in2DMode":false,"pivot":{"x":10.768909454345704,"y":-30.420326232910158,"z":-0.1892680525779724},"rotation":{"x":0.5160140991210938,"y":-0.4830295443534851,"z":0.5216406583786011,"w":0.4778205454349518},"size":83.30966186523438,"orthographic":false}