{"cameraMode":{"drawMode":0,"name":"Shaded","section":"Shading Mode"},"sceneLighting":false,"audioPlay":false,"sceneViewState":{"showFog":true,"showMaterialUpdate":false,"showSkybox":false,"showFlares":true,"showImageEffects":true,"showParticleSystems":true},"in2DMode":false,"pivot":{"x":5.300000190734863,"y":0.7799999713897705,"z":13.10099983215332},"rotation":{"x":0.1681595891714096,"y":-0.7592453360557556,"z":0.21627166867256165,"w":0.5903475284576416},"size":4.041658401489258,"orthographic":false}