{"cameraMode":{"drawMode":0,"name":"Shaded","section":"Shading Mode"},"sceneLighting":false,"audioPlay":false,"sceneViewState":{"showFog":true,"showMaterialUpdate":false,"showSkybox":false,"showFlares":true,"showImageEffects":true,"showParticleSystems":true},"in2DMode":false,"pivot":{"x":22.827251434326173,"y":-58.32471466064453,"z":-6.459596633911133},"rotation":{"x":0.3370855748653412,"y":0.6294377446174622,"z":-0.3498629331588745,"w":0.6064546704292297},"size":79.13037109375,"orthographic":false}