{"cameraMode":{"drawMode":0,"name":"Shaded","section":"Shading Mode"},"sceneLighting":false,"audioPlay":false,"sceneViewState":{"showFog":true,"showMaterialUpdate":false,"showSkybox":false,"showFlares":true,"showImageEffects":true,"showParticleSystems":true},"in2DMode":false,"pivot":{"x":-2.3942055702209474,"y":-57.12363052368164,"z":-9.110301971435547},"rotation":{"x":-0.015764379873871805,"y":0.7384008169174194,"z":-0.6739704608917236,"w":-0.0172685869038105},"size":106.84361267089844,"orthographic":false}