{"cameraMode":{"drawMode":0,"name":"Shaded","section":"Shading Mode"},"sceneLighting":false,"audioPlay":false,"sceneViewState":{"showFog":true,"showMaterialUpdate":false,"showSkybox":false,"showFlares":true,"showImageEffects":true,"showParticleSystems":true},"in2DMode":false,"pivot":{"x":0.0,"y":1.6666762828826905,"z":-0.0030002593994140627},"rotation":{"x":-0.10512664169073105,"y":0.8459452986717224,"z":-0.4903385639190674,"w":-0.1813676953315735},"size":70.78704833984375,"orthographic":false}