{"cameraMode":{"drawMode":0,"name":"Shaded","section":"Shading Mode"},"sceneLighting":false,"audioPlay":false,"sceneViewState":{"showFog":true,"showMaterialUpdate":false,"showSkybox":false,"showFlares":true,"showImageEffects":true,"showParticleSystems":true},"in2DMode":false,"pivot":{"x":-0.005003452301025391,"y":2.237499952316284,"z":-0.005000114440917969},"rotation":{"x":0.5237319469451904,"y":0.07771091908216477,"z":-0.048053376376628879,"w":0.8469709157943726},"size":70.42382049560547,"orthographic":false}