{"cameraMode":{"drawMode":0,"name":"Shaded","section":"Shading Mode"},"sceneLighting":false,"audioPlay":false,"sceneViewState":{"showFog":true,"showMaterialUpdate":false,"showSkybox":false,"showFlares":true,"showImageEffects":true,"showParticleSystems":true},"in2DMode":false,"pivot":{"x":-1.7104511260986329,"y":0.25728797912597659,"z":4.288997650146484},"rotation":{"x":0.3013143539428711,"y":0.657503604888916,"z":-0.3251939117908478,"w":0.6092210412025452},"size":32.422080993652347,"orthographic":false}