{"cameraMode":{"drawMode":0,"name":"Shaded","section":"Shading Mode"},"sceneLighting":false,"audioPlay":false,"sceneViewState":{"showFog":true,"showMaterialUpdate":false,"showSkybox":false,"showFlares":true,"showImageEffects":true,"showParticleSystems":true},"in2DMode":false,"pivot":{"x":-4.857733726501465,"y":-0.14624404907226563,"z":3.697025775909424},"rotation":{"x":0.43430542945861819,"y":0.4894634783267975,"z":-0.30776262283325198,"w":0.6907164454460144},"size":38.13916015625,"orthographic":false}