{"cameraMode":{"drawMode":0,"name":"Shaded","section":"Shading Mode"},"sceneLighting":false,"audioPlay":false,"sceneViewState":{"showFog":true,"showMaterialUpdate":false,"showSkybox":false,"showFlares":true,"showImageEffects":true,"showParticleSystems":true},"in2DMode":false,"pivot":{"x":3.708723545074463,"y":-18.56814956665039,"z":5.687237739562988},"rotation":{"x":-0.5050013065338135,"y":0.49470117688179018,"z":-0.5031829476356506,"w":-0.49728259444236758},"size":47.190921783447269,"orthographic":false}