{"cameraMode":{"drawMode":0,"name":"Shaded","section":"Shading Mode"},"sceneLighting":false,"audioPlay":false,"sceneViewState":{"showFog":true,"showMaterialUpdate":false,"showSkybox":false,"showFlares":true,"showImageEffects":true,"showParticleSystems":true},"in2DMode":false,"pivot":{"x":0.0,"y":0.15884247422218324,"z":7.450580596923828e-9},"rotation":{"x":0.528622567653656,"y":0.47075751423835757,"z":-0.5173112154006958,"w":0.4810110032558441},"size":0.8287612199783325,"orthographic":false}