{"cameraMode":{"drawMode":0,"name":"Shaded","section":"Shading Mode"},"sceneLighting":false,"audioPlay":false,"sceneViewState":{"showFog":true,"showMaterialUpdate":false,"showSkybox":false,"showFlares":true,"showImageEffects":true,"showParticleSystems":true},"in2DMode":false,"pivot":{"x":-2.2089614868164064,"y":-5.450702667236328,"z":5.444942474365234},"rotation":{"x":0.2423199713230133,"y":0.5263698101043701,"z":-0.16057945787906648,"w":0.7992733716964722},"size":12.941126823425293,"orthographic":true}