{"cameraMode":{"drawMode":0,"name":"Shaded","section":"Shading Mode"},"sceneLighting":false,"audioPlay":false,"sceneViewState":{"showFog":true,"showMaterialUpdate":false,"showSkybox":false,"showFlares":true,"showImageEffects":true,"showParticleSystems":true},"in2DMode":false,"pivot":{"x":-5.760000228881836,"y":0.6499999761581421,"z":-8.010000228881836},"rotation":{"x":-0.007430529221892357,"y":0.30895698070526125,"z":-0.002405458828434348,"w":-0.9510653018951416},"size":2.857883930206299,"orthographic":false}