{"cameraMode":{"drawMode":0,"name":"Shaded","section":"Shading Mode"},"sceneLighting":false,"audioPlay":false,"sceneViewState":{"showFog":true,"showMaterialUpdate":false,"showSkybox":false,"showFlares":true,"showImageEffects":true,"showParticleSystems":true},"in2DMode":false,"pivot":{"x":3.8457727432250978,"y":-5.058298110961914,"z":-0.19277572631835938},"rotation":{"x":0.4737471640110016,"y":0.5257368087768555,"z":-0.4825095534324646,"w":0.5163043141365051},"size":49.07328414916992,"orthographic":false}