{"cameraMode":{"drawMode":0,"name":"Shaded","section":"Shading Mode"},"sceneLighting":false,"audioPlay":false,"sceneViewState":{"showFog":true,"showMaterialUpdate":false,"showSkybox":false,"showFlares":true,"showImageEffects":true,"showParticleSystems":true},"in2DMode":false,"pivot":{"x":-0.31584692001342776,"y":1.6692607402801514,"z":1.4194543361663819},"rotation":{"x":-0.008289186283946038,"y":0.9872212409973145,"z":-0.05485040321946144,"w":-0.14951755106449128},"size":4.03914737701416,"orthographic":false}