{"cameraMode":{"drawMode":0,"name":"Shaded","section":"Shading Mode"},"sceneLighting":false,"audioPlay":false,"sceneViewState":{"showFog":false,"showMaterialUpdate":false,"showSkybox":false,"showFlares":false,"showImageEffects":false,"showParticleSystems":false},"in2DMode":false,"pivot":{"x":0.4803276062011719,"y":-2.033877372741699,"z":0.7524051666259766},"rotation":{"x":-0.6166403293609619,"y":-0.034544363617897037,"z":0.021304646506905557,"w":-0.786887526512146},"size":28.837671279907228,"orthographic":true}