{"cameraMode":{"drawMode":0,"name":"Shaded","section":"Shading Mode"},"sceneLighting":false,"audioPlay":false,"sceneViewState":{"showFog":true,"showMaterialUpdate":false,"showSkybox":false,"showFlares":true,"showImageEffects":true,"showParticleSystems":true},"in2DMode":false,"pivot":{"x":-5.388818740844727,"y":-67.33448028564453,"z":-7.547115802764893},"rotation":{"x":-0.7201341390609741,"y":-0.009225567802786827,"z":0.009371677413582802,"w":-0.693820059299469},"size":91.27079010009766,"orthographic":false}