{"cameraMode":{"drawMode":0,"name":"Shaded","section":"Shading Mode"},"sceneLighting":false,"audioPlay":false,"sceneViewState":{"showFog":true,"showMaterialUpdate":false,"showSkybox":false,"showFlares":true,"showImageEffects":true,"showParticleSystems":true},"in2DMode":false,"pivot":{"x":26.05467987060547,"y":0.16888433694839478,"z":-183.29800415039063},"rotation":{"x":0.22855517268180848,"y":0.6708059310913086,"z":-0.2297385036945343,"w":0.6671925187110901},"size":1.8362435102462769,"orthographic":false}