{"cameraMode":{"drawMode":0,"name":"Shaded","section":"Shading Mode"},"sceneLighting":false,"audioPlay":false,"sceneViewState":{"showFog":true,"showMaterialUpdate":false,"showSkybox":false,"showFlares":true,"showImageEffects":true,"showParticleSystems":true},"in2DMode":false,"pivot":{"x":-0.27932870388031008,"y":1.5294556617736817,"z":-0.0009450912475585938},"rotation":{"x":-0.005987018812447786,"y":0.993598461151123,"z":-0.06417842954397202,"w":-0.09298348426818848},"size":5.7417497634887699,"orthographic":false}