{"cameraMode":{"drawMode":0,"name":"Shaded","section":"Shading Mode"},"sceneLighting":false,"audioPlay":false,"sceneViewState":{"showFog":true,"showMaterialUpdate":false,"showSkybox":false,"showFlares":true,"showImageEffects":true,"showParticleSystems":true},"in2DMode":false,"pivot":{"x":7.219062805175781,"y":8.049954414367676,"z":-1.381535530090332},"rotation":{"x":-0.3337930738925934,"y":0.6373538374900818,"z":-0.35734644532203677,"w":-0.5956562161445618},"size":6.863224029541016,"orthographic":true}