{"cameraMode":{"drawMode":0,"name":"Shaded","section":"Shading Mode"},"sceneLighting":false,"audioPlay":false,"sceneViewState":{"showFog":true,"showMaterialUpdate":false,"showSkybox":false,"showFlares":true,"showImageEffects":true,"showParticleSystems":true},"in2DMode":false,"pivot":{"x":84.30595397949219,"y":-0.7223220467567444,"z":33.780155181884769},"rotation":{"x":-0.0667724683880806,"y":0.6748936772346497,"z":-0.061491936445236209,"w":-0.7323417663574219},"size":5.4724321365356449,"orthographic":false}