{"cameraMode":{"drawMode":0,"name":"Shaded","section":"Shading Mode"},"sceneLighting":false,"audioPlay":false,"sceneViewState":{"showFog":true,"showMaterialUpdate":false,"showSkybox":false,"showFlares":true,"showImageEffects":true,"showParticleSystems":true},"in2DMode":false,"pivot":{"x":-5.65291690826416,"y":1.02400803565979,"z":-8.65168571472168},"rotation":{"x":-0.3008493185043335,"y":0.3626028001308441,"z":-0.1249484121799469,"w":-0.8731870651245117},"size":4.9956278800964359,"orthographic":false}