{"cameraMode":{"drawMode":0,"name":"Shaded","section":"Shading Mode"},"sceneLighting":false,"audioPlay":false,"sceneViewState":{"showFog":true,"showMaterialUpdate":false,"showSkybox":false,"showFlares":true,"showImageEffects":true,"showParticleSystems":true},"in2DMode":false,"pivot":{"x":11.153076171875,"y":-70.40528869628906,"z":14.588850021362305},"rotation":{"x":-0.6267613768577576,"y":-0.0065744854509830479,"z":0.00525220250710845,"w":-0.7792004942893982},"size":126.9429702758789,"orthographic":false}