{"cameraMode":{"drawMode":0,"name":"Shaded","section":"Shading Mode"},"sceneLighting":false,"audioPlay":false,"sceneViewState":{"showFog":true,"showMaterialUpdate":false,"showSkybox":false,"showFlares":true,"showImageEffects":true,"showParticleSystems":true},"in2DMode":false,"pivot":{"x":-27.927154541015626,"y":-71.32378387451172,"z":4.499776840209961},"rotation":{"x":-0.5215872526168823,"y":-0.47725483775138857,"z":0.5244647264480591,"w":-0.47462233901023867},"size":142.9660186767578,"orthographic":false}