{"cameraMode":{"drawMode":0,"name":"Shaded","section":"Shading Mode"},"sceneLighting":false,"audioPlay":false,"sceneViewState":{"showFog":true,"showMaterialUpdate":false,"showSkybox":false,"showFlares":true,"showImageEffects":true,"showParticleSystems":true},"in2DMode":false,"pivot":{"x":-5.760000228881836,"y":0.6499999761581421,"z":-8.010000228881836},"rotation":{"x":-0.06779861450195313,"y":0.2853374481201172,"z":-0.020230308175086976,"w":-0.9558349251747131},"size":2.857883930206299,"orthographic":false}