{"cameraMode":{"drawMode":0,"name":"Shaded","section":"Shading Mode"},"sceneLighting":false,"audioPlay":false,"sceneViewState":{"showFog":true,"showMaterialUpdate":false,"showSkybox":false,"showFlares":true,"showImageEffects":true,"showParticleSystems":true},"in2DMode":false,"pivot":{"x":0.6705020070075989,"y":-0.02097153663635254,"z":-7.401632785797119},"rotation":{"x":-0.002613915130496025,"y":-0.9958821535110474,"z":0.08535605669021607,"w":-0.03048529475927353},"size":11.311372756958008,"orthographic":false}