{"cameraMode":{"drawMode":0,"name":"Shaded","section":"Shading Mode"},"sceneLighting":false,"audioPlay":false,"sceneViewState":{"showFog":true,"showMaterialUpdate":false,"showSkybox":false,"showFlares":true,"showImageEffects":true,"showParticleSystems":true},"in2DMode":false,"pivot":{"x":0.36395514011383059,"y":1.6169366836547852,"z":-7.306948184967041},"rotation":{"x":0.0017095948569476605,"y":-0.9978094696998596,"z":-0.05994068831205368,"w":-0.028728915378451349},"size":10.762860298156739,"orthographic":false}