{"cameraMode":{"drawMode":0,"name":"Shaded","section":"Shading Mode"},"sceneLighting":false,"audioPlay":false,"sceneViewState":{"showFog":true,"showMaterialUpdate":false,"showSkybox":false,"showFlares":true,"showImageEffects":true,"showParticleSystems":true},"in2DMode":false,"pivot":{"x":2.9918651580810549,"y":-177.3480987548828,"z":-14.274785995483399},"rotation":{"x":0.7294376492500305,"y":0.011226300150156021,"z":-0.011835175566375256,"w":0.6840496063232422},"size":229.46902465820313,"orthographic":false}