{"cameraMode":{"drawMode":0,"name":"Shaded","section":"Shading Mode"},"sceneLighting":false,"audioPlay":false,"sceneViewState":{"showFog":true,"showMaterialUpdate":false,"showSkybox":false,"showFlares":true,"showImageEffects":true,"showParticleSystems":true},"in2DMode":false,"pivot":{"x":-13.978569030761719,"y":7.461416244506836,"z":-5.363002777099609},"rotation":{"x":0.12073792517185211,"y":0.48785728216171267,"z":0.06834887713193894,"w":-0.8618322610855103},"size":5.18182373046875,"orthographic":false}