{"cameraMode":{"drawMode":0,"name":"Shaded","section":"Shading Mode"},"sceneLighting":false,"audioPlay":false,"sceneViewState":{"showFog":true,"showMaterialUpdate":false,"showSkybox":false,"showFlares":true,"showImageEffects":true,"showParticleSystems":true},"in2DMode":false,"pivot":{"x":8.560873031616211,"y":-62.78588104248047,"z":-0.9611948728561401},"rotation":{"x":0.5057703852653503,"y":-0.49433112144470217,"z":0.5082969665527344,"w":0.4915301501750946},"size":101.16887664794922,"orthographic":false}